{
  "metadata": {
    "created": "2025-06-27 10:49:41",
    "description": "CORI Virtual Object Database - Gazebo object locations",
    "version": "1.0"
  },
  "virtual_objects": {
    "white": {
      "position": [
        1.2,
        0.1,
        0.45
      ],
      "angle": 4.763641690726178,
      "timestamp": 1751035874.0452404,
      "found_count": 12
    },
    "red": {
      "position": [
        0.8,
        0.2,
        0.45
      ],
      "angle": 14.036243467926479,
      "timestamp": 1751035877.0852075,
      "found_count": 3
    }
  },
  "search_history": []
}